{"d":[2,4,4,3],"W":[[],[[0.0,-0.5840365776837859,-0.20678101068523835,0.14786343744285643,2.726593155963328],[0.0,1.1567395286438964,-0.08092364017848402,1.5072159682260786,0.450175965480656],[0.0,1.534844241083765,0.24038512983602,-1.430157110353174,3.8335481144782517]],[[0.0,-0.1734677651216355,-0.17149304307534793,0.5999146818350032,0.18659323201812486],[0.0,-0.2478270519583035,-0.012580954965998203,0.249506400236137,-1.7538590687894446],[0.0,-0.3829947638654078,-0.5243136762286629,0.10825659124254022,-0.03711407691156992],[0.0,0.14172972727485486,-0.09442701225245921,-0.034212658133800346,-1.6521600060939103],[0.0,0.13382805391445834,0.17691498519412485,-1.9401008359118939,2.684014840192134]],[[0.0,-1.2115061513969987,-0.2943803909702243,-0.06887631451196374],[0.0,-0.09520974216982767,0.25678165775461387,-0.04555658431491561],[0.0,-0.6273110862717038,-0.41524907635848035,-0.6097254894918301],[0.0,0.7523263727947246,-0.8114334168278122,-0.09063868034816878],[0.0,1.6701783778255894,-1.0625312870357062,-0.18233192604441453]]],"L":3,"X":[[1.0,-0.48883345506229325,0.7388300103584773],[1.0,-0.015499330229657498,0.010380547027523905,-0.9282454348549151,0.9999538964601455],[1.0,-0.1696831434062181,0.08759250911315619,-0.864549030319501,0.9997166364597083],[1.0,-0.226992547810185,-0.6261335273181814,-0.2150613967001151]],"deltas":[[0.0,0.15140874131291657,-0.15775359505049097],[0.0,-0.011646962172694786,-0.1686311937397206,0.10531268155513356,0.00016995880820776748],[0.0,0.1337709810122115,0.16399808651129144,-0.32698093379969034,-0.05832649843635294],[0.0,-1.176214041058217,0.24113930206874404,0.7778819216408586]],"loss":[0.8468822811453935,0.40557153535041635,0.4033279767221599]}