{"d":[2,4,4,3],"W":[[],[[0.0,0.2888470809718944,-2.0822319547137984,1.7362143502240273,1.4808930977313788],[0.0,0.116532807238056,-0.031514420258799435,0.07350422534013175,-1.5523960088724997],[0.0,-1.0254632445343541,2.4087564681732774,-3.598527715255797,1.097281976129554]],[[0.0,-0.11310793703200449,-0.185469188405323,0.25488191091142626,-0.38986231465936255],[0.0,-0.5016954244967144,0.642691642622943,-0.8831352189687369,0.3647699949802936],[0.0,-0.9005281220995823,-1.9943747979543918,0.7399768969018327,0.8164736552434948],[0.0,0.6201649323337669,0.45638050016485565,-0.4765587312680172,2.9641652715000575],[0.0,-0.4142982859686748,0.09538858401587688,0.34365152204883326,1.8149670088868564]],[[0.0,-0.34718071241149,-1.3426934137530402,0.0628563215480371],[0.0,-0.8391553474599251,0.33112599608942195,-0.600343171657525],[0.0,-0.7373878563951102,1.791055637372657,0.007039003859230566],[0.0,0.7818765491480095,-0.4625346194863423,-0.40958212336573263],[0.0,1.705191303820209,-1.6305873526683086,0.020620304008190326]]],"L":3,"X":[[1.0,-0.539886416977005,-0.16501480987907713],[1.0,0.3757908187369285,-0.9855849563066419,0.9797120901285326,0.9725816427328261],[1.0,0.6587208777856652,0.988155957269315,-0.7347456637606985,0.9985425509595699],[1.0,-0.4624146909817024,-0.5670046142593964,-0.004117662527234598]],"deltas":[[0.0,-0.1614714969662679,0.5462389272760748],[0.0,0.09829349446489666,0.12466758793615507,0.08667941265289834,0.6171781612776843],[0.0,-0.47189800396929626,-0.10500109359533322,0.17071056366974963,0.23048620938156178],[0.0,0.2811532853893891,-1.1204973229614275,0.9224539922467094]],"loss":[0.6211884945483871,0.4128344923406084,0.4126455773242541,0.41213942312152335,0.4121332265130025,0.4123163385063857,0.4118094154881195,0.41191443321598303,0.41187277470096867,0.4135283310999652,0.4113130559297674,0.4098108360357912,0.4081747592753069,0.40640113898172026,0.4045936513441303,0.4044530434892957,0.4027467304634099,0.40166151678369333,0.39617889599110834,0.3924664370152386,0.3867434214244701]}