{"centers":[{"x":1.0,"y":1.0},{"x":2.5,"y":3.0}],"gamma":1.7677669529663687,"weights":[[0.9999999443705498,-0.00017112035221535131],[-3.8019363484699272e-6,1.0202013406773445]]}